order_id,stage,time_sec,wait_sec,svc_sec,idle_sec,time_diff
1,waiter,39.90,0.00,28.00,39.90,0.00
2,barista,56.80,0.00,20.98,56.80,0.00
3,waiter,65.99,0.00,40.09,65.99,0.00
4,barista,67.91,0.00,151.09,67.91,0.00
5,barista,67.91,0.00,274.43,67.91,0.00
6,barista,67.91,0.00,7.25,67.91,0.00
7,waiter,68.28,0.00,63.06,0.37,0.00
8,waiter,69.66,0.00,361.20,69.66,0.00
9,barista,97.89,0.00,21.10,20.11,0.00
10,waiter,98.63,0.00,64.47,98.63,0.00
11,waiter,102.93,0.00,27.15,102.93,0.00
12,barista,106.08,0.00,44.55,30.92,0.00
13,barista,118.99,12.91,38.98,0.00,12.91
14,barista,150.63,44.55,49.65,0.00,44.55
15,barista,157.97,27.88,26.63,0.00,27.88
16,barista,184.60,53.26,108.33,0.00,53.26
17,barista,200.27,68.94,75.47,0.00,68.94
18,barista,218.99,55.89,199.48,0.00,55.89
19,waiter,240.00,35.86,45.76,108.66,35.86
20,barista,275.74,70.14,89.34,0.00,70.14
21,waiter,285.76,68.82,23.36,0.00,68.82
22,waiter,285.76,36.16,261.33,179.68,36.16
23,waiter,285.76,31.74,276.16,122.66,31.74
24,waiter,285.76,15.06,44.15,155.67,15.06
25,barista,292.93,7.17,33.50,0.00,7.17
26,waiter,293.20,0.00,7.58,293.20,0.00
27,waiter,298.84,0.00,24.23,298.84,0.00
28,barista,326.43,25.65,25.14,0.00,25.65
29,barista,342.33,41.55,48.61,0.00,41.55
30,barista,351.57,42.44,25.80,0.00,42.44
31,barista,365.08,42.01,4.96,0.00,42.01
32,barista,370.05,46.98,0.35,0.00,46.98
33,waiter,370.39,41.58,75.73,61.27,41.58
34,barista,370.39,40.48,46.31,0.00,40.48
35,waiter,380.62,0.00,82.35,50.71,0.00
36,barista,406.06,0.00,8.71,28.69,0.00
37,waiter,410.31,0.00,170.51,109.53,0.00
38,barista,425.14,0.00,5.54,10.36,0.00
39,barista,430.85,0.00,92.53,0.18,0.00
40,barista,430.85,0.00,28.69,12.38,0.00
41,barista,446.13,0.00,132.45,55.18,0.00
42,waiter,458.91,0.00,143.91,12.78,0.00
43,barista,462.97,0.00,6.28,3.42,0.00
44,waiter,467.07,0.00,25.42,36.21,0.00
45,barista,492.49,0.00,0.56,23.24,0.00
46,waiter,503.93,0.00,39.86,11.44,0.00
47,waiter,521.62,0.00,107.80,58.65,0.00
48,barista,543.79,0.00,48.99,20.40,0.00
49,barista,547.09,0.00,107.39,54.04,0.00
50,barista,561.92,0.00,163.20,145.21,0.00
51,waiter,565.37,0.00,13.59,18.28,0.00
52,barista,578.96,0.00,69.35,0.39,0.00
53,barista,592.78,11.96,12.15,0.00,11.96
54,barista,604.94,2.12,50.11,0.00,2.12
55,barista,648.32,18.90,77.98,0.00,18.90
56,waiter,658.98,0.00,75.15,56.17,0.00
57,barista,678.30,0.00,26.30,23.26,0.00
58,barista,734.13,0.00,13.68,29.53,0.00
59,barista,777.65,0.00,16.85,29.84,0.00
60,waiter,816.69,0.00,82.06,82.56,0.00
61,barista,898.75,0.00,46.68,104.25,0.00
62,waiter,968.24,0.00,159.51,69.48,0.00
63,barista,1127.75,0.00,21.51,182.32,0.00
64,waiter,1136.10,0.00,79.76,8.35,0.00
65,waiter,1179.93,0.00,31.44,600.96,0.00
66,barista,1211.37,0.00,7.68,62.11,0.00
67,barista,1215.86,0.00,7.29,561.37,0.00
68,waiter,1246.27,0.00,35.46,30.41,0.00
69,barista,1281.73,0.00,49.31,62.68,0.00
70,waiter,1289.04,0.00,238.38,7.31,0.00
71,barista,1290.93,0.00,26.64,67.78,0.00
72,barista,1527.42,0.00,2.33,196.39,0.00
73,waiter,1548.25,0.00,3.94,20.83,0.00
74,barista,1552.19,0.00,51.54,22.44,0.00
75,waiter,1647.42,0.00,21.56,95.24,0.00
76,barista,1668.98,0.00,13.69,65.25,0.00
77,waiter,1672.59,0.00,32.41,3.61,0.00
78,barista,1705.01,0.00,62.44,22.34,0.00
79,waiter,1714.19,0.00,78.05,9.18,0.00
80,waiter,1778.13,0.00,19.85,566.76,0.00
81,barista,1792.24,0.00,24.88,24.79,0.00
82,barista,1797.97,0.00,56.85,480.41,0.00
83,waiter,1852.25,0.00,8.95,60.01,0.00
84,waiter,1859.53,0.00,5.34,61.55,0.00
85,barista,1861.20,0.00,42.14,44.08,0.00
86,barista,1864.87,0.00,58.99,10.04,0.00
87,waiter,1892.74,0.00,4.08,31.54,0.00
88,barista,1896.82,0.00,55.46,1170.53,0.00
89,waiter,1934.10,0.00,12.03,37.28,0.00
90,barista,1946.14,0.00,30.10,42.79,0.00
91,waiter,2010.44,0.00,46.62,64.31,0.00
92,waiter,2031.16,0.00,25.56,166.29,0.00
93,waiter,2052.56,0.00,10.62,1508.77,0.00
94,barista,2056.72,0.00,4.99,80.48,0.00
95,barista,2057.06,0.00,118.20,133.21,0.00
96,barista,2063.19,0.00,9.33,1.47,0.00
97,waiter,2116.26,0.00,7.55,59.20,0.00
98,barista,2123.81,0.00,75.80,51.29,0.00
99,waiter,2125.31,0.00,33.93,1.50,0.00
100,waiter,2135.23,0.00,79.36,78.51,0.00
101,barista,2159.24,0.00,140.76,206.96,0.00
102,barista,2214.58,0.00,4.89,14.97,0.00
103,barista,2220.18,0.00,7.52,0.70,0.00
104,waiter,2246.41,0.00,4.89,87.17,0.00
105,barista,2248.62,0.00,191.24,20.93,0.00
106,barista,2251.30,0.00,31.17,76.04,0.00
107,barista,2328.34,0.00,14.08,45.87,0.00
108,barista,2337.89,0.00,29.02,37.89,0.00
109,waiter,2385.30,0.00,3.14,134.01,0.00
110,barista,2388.44,0.00,59.93,46.01,0.00
111,waiter,2390.33,0.00,35.88,1.89,0.00
112,waiter,2415.64,0.00,56.49,201.06,0.00
113,waiter,2420.34,0.00,21.00,357.15,0.00
114,barista,2426.21,0.00,75.26,59.31,0.00
115,barista,2441.33,0.00,25.92,1.47,0.00
116,barista,2472.13,0.00,15.65,4.87,0.00
117,barista,2532.89,0.00,125.11,45.11,0.00
118,waiter,2537.35,0.00,15.16,111.14,0.00
119,barista,2552.52,0.00,8.38,104.14,0.00
120,barista,2587.83,0.00,103.73,26.93,0.00
121,waiter,2660.32,0.00,95.28,107.80,0.00
122,barista,2755.60,0.00,0.63,97.60,0.00
123,barista,2808.27,0.00,44.00,52.04,0.00
124,barista,2888.33,0.00,2.92,36.06,0.00
125,waiter,2889.46,0.00,5.13,133.86,0.00
126,barista,2894.59,0.00,59.96,3.34,0.00
127,waiter,2916.17,0.00,60.85,21.58,0.00
128,waiter,2943.91,0.00,98.09,471.78,0.00
129,barista,2951.45,0.00,76.03,259.89,0.00
130,barista,2977.02,0.00,14.56,22.46,0.00
131,barista,3035.29,0.00,7.19,43.72,0.00
132,barista,3041.99,0.00,17.36,14.51,0.00
133,barista,3073.83,0.00,1.65,31.35,0.00
134,barista,3237.46,0.00,11.67,161.99,0.00
135,waiter,3256.72,0.00,106.52,279.71,0.00
136,waiter,3297.00,0.00,250.88,255.00,0.00
137,barista,3329.82,0.00,25.64,80.69,0.00
138,barista,3363.25,0.00,20.51,7.79,0.00
139,waiter,3423.11,0.00,35.01,59.86,0.00
140,barista,3458.12,0.00,140.84,74.36,0.00
141,barista,3489.17,0.00,23.48,429.81,0.00
142,waiter,3546.37,0.00,12.44,88.25,0.00
143,barista,3547.88,0.00,29.89,35.23,0.00
144,waiter,3558.79,0.00,46.54,10.92,0.00
145,barista,3558.80,0.00,13.09,1057.33,0.00
146,barista,3605.33,0.00,31.32,6.37,0.00
147,waiter,3783.63,0.00,71.34,224.83,0.00
148,waiter,3805.67,0.00,15.11,200.34,0.00
149,barista,3820.78,0.00,142.91,184.13,0.00
150,barista,3854.96,0.00,3.97,277.20,0.00
151,waiter,3874.09,0.00,23.19,19.13,0.00
152,barista,3897.29,0.00,152.78,38.35,0.00
153,barista,3984.66,0.00,91.98,20.98,0.00
154,waiter,4027.76,0.00,1.46,130.48,0.00
155,barista,4029.22,0.00,96.01,457.33,0.00
156,waiter,4041.86,0.00,159.71,12.64,0.00
157,waiter,4104.42,0.00,37.57,283.64,0.00
158,barista,4118.30,0.00,263.72,41.65,0.00
159,barista,4141.99,0.00,7.95,91.92,0.00
160,barista,4184.80,0.00,19.51,34.86,0.00
161,waiter,4185.00,0.00,76.60,43.01,0.00
162,waiter,4188.17,0.00,66.10,1746.83,0.00
163,barista,4201.57,0.00,99.09,76.34,0.00
164,waiter,4226.23,0.00,32.93,24.66,0.00
165,barista,4254.27,0.00,5.95,49.96,0.00
166,barista,4259.16,0.00,77.66,3534.04,0.00
167,barista,4261.60,0.00,10.97,1.38,0.00
168,waiter,4274.45,0.00,1.52,15.29,0.00
169,waiter,4275.34,0.00,114.42,13.74,0.00
170,barista,4275.97,0.00,37.54,3.39,0.00
171,waiter,4323.56,0.00,88.15,47.59,0.00
172,barista,4389.76,0.00,30.19,7.75,0.00
173,barista,4411.70,0.00,12.65,98.19,0.00
174,waiter,4469.30,0.00,51.54,57.60,0.00
175,waiter,4497.72,0.00,4.89,107.96,0.00
176,barista,4502.61,0.00,58.55,82.65,0.00
177,barista,4520.84,0.00,117.64,96.48,0.00
178,barista,4544.99,0.00,32.75,244.33,0.00
179,barista,4620.92,0.00,82.15,59.76,0.00
180,barista,4628.64,0.00,42.71,50.90,0.00
181,barista,4641.46,0.00,22.82,2.98,0.00
182,waiter,4645.67,0.00,50.37,124.83,0.00
183,waiter,4660.27,0.00,112.76,157.66,0.00
184,barista,4696.04,0.00,77.57,31.76,0.00
185,waiter,4733.50,0.00,37.95,37.45,0.00
186,waiter,4734.31,0.00,152.87,480.04,0.00
187,waiter,4745.35,0.00,31.08,4183.43,0.00
188,waiter,4766.11,0.00,12.37,4136.69,0.00
189,barista,4771.45,0.00,4.59,68.37,0.00
190,barista,4773.03,0.00,24.65,101.68,0.00
191,barista,4776.42,0.00,17.64,0.38,0.00
192,barista,4778.48,0.00,45.27,4.86,0.00
193,barista,4887.18,0.00,7.22,93.12,0.00
194,waiter,4916.29,0.00,22.52,144.85,0.00
195,waiter,4919.53,0.00,8.10,146.50,0.00
196,barista,4927.63,0.00,119.29,33.23,0.00
197,barista,4938.81,0.00,14.30,115.07,0.00
198,barista,4951.82,0.00,6.35,154.14,0.00
199,barista,5004.68,0.00,32.09,51.57,0.00
200,barista,5019.13,0.00,203.64,60.96,0.00
201,waiter,5025.61,0.00,29.65,86.80,0.00
202,barista,5055.25,0.00,8.34,8.34,0.00
203,waiter,5066.06,0.00,13.61,10.80,0.00
204,barista,5079.66,0.00,66.72,16.06,0.00
205,waiter,5114.23,0.00,150.16,34.57,0.00
206,barista,5215.60,0.00,93.34,69.22,0.00
207,waiter,5221.87,0.00,10.61,294.24,0.00
208,barista,5232.48,0.00,58.49,195.71,0.00
209,barista,5233.12,0.00,63.50,10.35,0.00
210,barista,5264.39,0.00,43.16,927.57,0.00
211,waiter,5276.57,0.00,49.77,12.18,0.00
212,waiter,5285.03,0.00,22.92,52.54,0.00
213,waiter,5285.25,0.00,61.84,398.07,0.00
214,barista,5307.95,0.00,65.69,16.98,0.00
215,barista,5326.34,0.00,76.57,17.40,0.00
216,barista,5347.09,0.00,49.29,50.47,0.00
217,waiter,5414.76,0.00,222.20,88.42,0.00
218,waiter,5463.48,0.00,70.96,155.53,0.00
219,waiter,5476.51,0.00,31.45,129.42,0.00
220,barista,5507.96,0.00,165.17,105.05,0.00
221,barista,5534.44,0.00,184.64,160.80,0.00
222,waiter,5617.47,0.00,90.56,83.03,0.00
223,barista,5636.97,0.00,266.29,240.59,0.00
224,waiter,5655.56,0.00,10.72,18.59,0.00
225,barista,5666.27,0.00,57.75,358.72,0.00
226,waiter,5688.72,0.00,68.15,22.45,0.00
227,barista,5708.02,0.00,87.33,34.89,0.00
228,waiter,5751.80,0.00,38.80,43.78,0.00
229,barista,5756.87,0.00,23.48,37.80,0.00
230,barista,5790.60,0.00,168.67,10.25,0.00
231,waiter,5816.26,0.00,17.45,59.39,0.00
232,barista,5833.71,0.00,19.96,38.36,0.00
233,barista,5938.42,0.00,26.11,84.75,0.00
234,waiter,6011.25,0.00,3.29,177.53,0.00
235,barista,6014.54,0.00,14.03,50.01,0.00
236,waiter,6072.43,0.00,19.04,57.89,0.00
237,barista,6091.46,0.00,66.88,62.89,0.00
238,waiter,6167.91,0.00,7.29,76.44,0.00
239,barista,6175.19,0.00,57.24,16.86,0.00
240,barista,6199.18,0.00,133.93,239.91,0.00
241,waiter,6210.27,0.00,46.89,35.08,0.00
242,barista,6257.17,0.00,73.13,24.74,0.00
243,barista,6262.21,0.00,84.03,358.95,0.00
244,barista,6330.14,0.00,106.85,606.12,0.00
245,waiter,6344.76,0.00,163.25,87.59,0.00
246,waiter,6357.21,0.00,15.67,566.61,0.00
247,barista,6372.88,0.00,4.72,42.58,0.00
248,waiter,6403.67,0.00,19.63,30.78,0.00
249,barista,6423.29,0.00,14.81,45.69,0.00
250,waiter,6472.78,0.00,3.97,49.49,0.00
251,barista,6476.75,0.00,70.66,38.65,0.00
252,barista,6480.27,0.00,57.18,147.17,0.00
253,waiter,6489.15,0.00,69.96,12.40,0.00
254,barista,6496.52,0.00,23.96,150.29,0.00
255,barista,6508.01,0.00,78.51,71.02,0.00
256,waiter,6520.97,0.00,7.50,12.96,0.00
257,barista,6528.46,0.00,102.98,7.98,0.00
258,barista,6559.11,0.00,696.17,11.70,0.00
259,waiter,6604.18,0.00,78.75,75.71,0.00
260,barista,6640.81,0.00,59.17,103.36,0.00
261,waiter,6676.10,0.00,17.68,116.99,0.00
262,barista,6682.92,0.00,54.29,51.48,0.00
263,barista,6688.90,0.00,36.06,102.38,0.00
264,barista,6699.98,6.19,56.09,0.00,6.19
265,waiter,6718.55,0.00,136.64,35.63,0.00
266,waiter,6758.71,0.00,59.03,64.93,0.00
267,barista,6817.74,0.00,28.87,61.67,0.00
268,barista,6855.19,0.00,65.38,8.58,0.00
269,waiter,6862.93,0.00,10.19,7.74,0.00
270,waiter,6869.42,0.00,79.59,51.68,0.00
271,barista,6873.12,0.00,9.63,135.90,0.00
272,barista,6949.00,0.00,136.59,28.43,0.00
273,waiter,6991.95,0.00,70.51,118.83,0.00
274,waiter,6993.89,0.00,58.12,44.89,0.00
275,waiter,7019.51,0.00,0.11,1511.54,0.00
276,barista,7019.61,0.00,73.72,136.86,0.00
277,barista,7052.01,0.00,24.76,327.06,0.00
278,barista,7076.78,14.32,21.05,0.00,14.32
279,waiter,7080.00,5.48,2.19,17.54,5.48
280,barista,7085.60,3.41,142.52,0.00,3.41
281,barista,7097.22,0.00,42.81,3.89,0.00
282,barista,7177.16,0.00,138.74,37.12,0.00
283,barista,7312.98,0.00,123.41,57.70,0.00
284,waiter,7363.94,0.00,5.55,281.75,0.00
285,barista,7369.49,0.00,42.21,141.37,0.00
286,waiter,7446.25,0.00,110.05,76.76,0.00
287,barista,7473.21,0.00,21.31,36.82,0.00
288,waiter,7482.81,0.00,22.01,430.79,0.00
289,waiter,7496.88,0.00,1.59,477.27,0.00
290,barista,7498.47,0.00,92.91,3.95,0.00
291,barista,7504.82,0.00,6.71,93.12,0.00
292,barista,7556.30,0.00,321.60,44.77,0.00
293,waiter,7564.81,0.00,107.25,8.51,0.00
294,waiter,7626.21,0.00,23.43,121.39,0.00
295,waiter,7626.63,0.00,45.83,128.16,0.00
296,barista,7633.11,0.00,77.55,41.72,0.00
297,waiter,7640.41,0.00,58.59,2863.99,0.00
298,waiter,7642.51,0.00,5.40,2864.03,0.00
299,barista,7647.91,0.00,65.04,332.01,0.00
300,barista,7649.63,0.00,26.44,551.80,0.00
301,barista,7676.08,26.24,203.77,0.00,26.24
302,barista,7710.66,38.60,50.32,0.00,38.60
303,barista,7712.95,40.49,7.13,0.00,40.49
304,barista,7720.09,21.09,190.65,0.00,21.09
305,waiter,7773.86,0.00,49.83,101.80,0.00
306,waiter,7793.69,0.00,44.01,144.05,0.00
307,barista,7823.69,0.00,193.40,62.70,0.00
308,barista,7877.90,40.21,97.63,0.00,40.21
309,waiter,7879.85,13.14,95.91,56.16,13.14
310,waiter,7966.33,0.00,50.78,128.64,0.00
311,waiter,7974.19,0.00,45.48,301.72,0.00
312,barista,7975.75,0.00,54.62,0.21,0.00
313,barista,8017.12,0.00,30.16,0.03,0.00
314,barista,8019.67,0.00,78.02,108.93,0.00
315,waiter,8071.97,0.00,57.63,96.21,0.00
316,waiter,8074.67,0.00,4.87,57.55,0.00
317,barista,8079.54,0.00,74.03,32.26,0.00
318,barista,8129.59,0.00,126.53,99.23,0.00
319,barista,8161.45,0.00,70.68,7.88,0.00
320,barista,8252.48,0.00,12.12,20.35,0.00
321,waiter,8307.90,0.00,13.78,178.31,0.00
322,waiter,8318.59,0.00,8.81,239.05,0.00
323,barista,8321.68,0.00,15.10,57.08,0.00
324,barista,8327.40,0.00,6.41,71.27,0.00
325,waiter,8366.27,0.00,86.23,44.59,0.00
326,barista,8405.35,0.00,9.40,68.57,0.00
327,barista,8406.01,0.00,137.62,72.20,0.00
328,barista,8452.51,0.00,21.30,37.75,0.00
329,waiter,8463.86,0.00,80.26,11.36,0.00
330,waiter,8479.51,0.00,83.98,152.12,0.00
331,barista,8485.43,0.00,289.52,11.63,0.00
332,barista,8544.13,0.00,60.76,0.50,0.00
333,barista,8563.50,0.00,64.74,465.81,0.00
334,barista,8596.20,0.00,26.93,716.35,0.00
335,barista,8637.21,0.00,31.78,32.33,0.00
336,barista,8646.51,0.00,0.31,18.27,0.00
337,barista,8651.09,0.00,179.42,4.27,0.00
338,waiter,8717.16,0.00,111.46,173.04,0.00
339,barista,8756.21,0.00,138.61,87.22,0.00
340,barista,8828.62,0.00,3.71,53.67,0.00
341,waiter,8891.42,0.00,72.03,62.80,0.00
342,barista,8897.40,0.00,34.11,65.06,0.00
343,waiter,8923.04,0.00,2.60,359.55,0.00
344,barista,8925.64,0.00,8.24,30.82,0.00
345,waiter,8948.90,0.00,30.67,23.26,0.00
346,barista,8963.46,0.00,60.37,31.95,0.00
347,barista,8979.58,0.00,65.06,45.69,0.00
348,barista,9175.13,0.00,15.00,151.30,0.00
349,waiter,9268.72,0.00,56.52,305.27,0.00
350,barista,9325.24,0.00,181.64,135.11,0.00
351,waiter,9348.17,0.00,50.81,22.93,0.00
352,barista,9391.26,0.00,296.85,346.62,0.00
353,barista,9398.98,0.00,52.35,568.48,0.00
354,waiter,9403.47,0.00,35.59,4.48,0.00
355,barista,9439.06,0.00,227.54,815.93,0.00
356,waiter,9451.40,0.00,24.45,12.33,0.00
357,waiter,9475.78,0.00,60.94,496.21,0.00
358,barista,9475.85,0.00,12.00,24.51,0.00
359,barista,9536.72,0.00,22.32,29.84,0.00
360,waiter,9580.04,0.00,42.42,104.19,0.00
361,barista,9622.45,0.00,7.55,63.41,0.00
362,waiter,9623.73,0.00,2.65,1.27,0.00
363,barista,9626.37,0.00,152.87,138.53,0.00
364,waiter,9680.11,0.00,206.79,53.74,0.00
365,barista,9704.81,0.00,68.07,74.81,0.00
366,waiter,9717.37,0.00,1.33,180.65,0.00
367,barista,9718.61,0.00,190.17,30.50,0.00
368,barista,9718.71,0.00,34.61,52.10,0.00
369,barista,9772.01,0.00,15.42,18.69,0.00
370,waiter,9814.25,0.00,104.10,95.55,0.00
371,barista,9817.75,0.00,5.12,44.86,0.00
372,waiter,9820.27,0.00,17.78,1800.61,0.00
373,barista,9838.05,0.00,277.38,15.19,0.00
374,waiter,9853.16,0.00,116.11,15.11,0.00
375,waiter,9856.85,0.00,39.27,2157.85,0.00
376,waiter,9857.04,0.00,85.80,2209.13,0.00
377,waiter,9877.45,0.00,11.30,9296.63,0.00
378,barista,9886.90,0.00,14.55,107.66,0.00
379,barista,9888.75,0.00,92.23,101.32,0.00
380,barista,9901.45,5.33,1.24,0.00,5.33
381,barista,9902.69,2.74,79.69,0.00,2.74
382,barista,9918.35,0.00,40.09,9.57,0.00
383,barista,9958.44,15.60,91.78,0.00,15.60
384,barista,9980.98,11.71,23.72,0.00,11.71
385,waiter,10016.28,0.00,119.65,129.38,0.00
386,waiter,10082.58,0.00,4.53,164.23,0.00
387,barista,10087.12,0.00,129.81,36.90,0.00
388,barista,10135.93,0.00,84.39,20.50,0.00
389,waiter,10328.69,0.00,85.85,192.75,0.00
390,waiter,10340.10,0.00,124.42,252.98,0.00
391,waiter,10349.81,0.00,5.65,380.54,0.00
392,barista,10355.46,0.00,1.23,135.14,0.00
393,barista,10374.71,0.00,26.40,18.02,0.00
394,waiter,10378.93,0.00,8.14,23.47,0.00
395,barista,10387.07,0.00,30.50,170.15,0.00
396,waiter,10411.69,0.00,33.22,24.62,0.00
397,barista,10414.54,0.00,16.96,13.43,0.00
398,barista,10444.91,0.00,23.40,13.41,0.00
399,barista,10464.51,0.00,28.54,46.94,0.00
400,barista,10479.57,0.00,391.67,11.26,0.00
401,waiter,10552.50,0.00,16.30,137.97,0.00
402,barista,10568.80,0.00,44.18,75.74,0.00
403,waiter,10796.06,0.00,0.30,227.26,0.00
404,barista,10796.36,0.00,145.82,183.38,0.00
405,barista,10873.84,0.00,54.01,2.61,0.00
406,waiter,11007.85,0.00,201.32,211.49,0.00
407,waiter,11023.78,0.00,74.28,559.27,0.00
408,waiter,11053.24,0.00,39.72,608.33,0.00
409,barista,11085.96,0.00,16.87,158.11,0.00
410,barista,11092.96,0.00,87.11,150.77,0.00
411,barista,11098.06,0.00,285.24,1115.69,0.00
412,barista,11165.49,0.00,182.70,62.66,0.00
413,barista,11209.17,0.00,18.19,29.11,0.00
414,barista,11233.95,0.00,190.57,6.59,0.00
415,waiter,11353.10,0.00,35.37,143.93,0.00
416,barista,11388.47,0.00,42.70,40.28,0.00
417,barista,11408.39,0.00,44.73,25.10,0.00
418,barista,11427.83,0.00,18.26,3.31,0.00
419,barista,11516.42,0.00,119.67,85.24,0.00
420,waiter,11518.34,0.00,167.12,129.87,0.00
421,waiter,11529.57,0.00,161.76,431.51,0.00
422,barista,11553.72,0.00,24.23,107.63,0.00
423,waiter,11596.78,0.00,2.54,503.83,0.00
424,barista,11599.32,0.00,14.85,21.37,0.00
425,waiter,11639.84,0.00,44.89,40.52,0.00
426,barista,11684.73,0.00,14.88,48.63,0.00
427,barista,11685.46,0.00,43.97,71.29,0.00
428,barista,11691.32,0.00,26.24,238.20,0.00
429,waiter,11740.11,0.00,12.73,54.65,0.00
430,barista,11752.84,0.00,24.99,53.24,0.00
431,waiter,11773.92,0.00,29.76,21.08,0.00
432,barista,11803.68,0.00,31.18,25.85,0.00
433,barista,11805.50,0.00,64.87,76.06,0.00
434,waiter,11820.95,0.00,37.89,17.27,0.00
435,waiter,11855.00,0.00,116.91,163.68,0.00
436,waiter,11855.48,0.00,25.81,170.75,0.00
437,barista,11858.84,0.00,34.31,23.98,0.00
438,barista,11881.29,0.00,7.34,10.92,0.00
439,waiter,11923.71,0.00,25.20,64.86,0.00
440,barista,11948.91,0.00,229.69,55.75,0.00
441,waiter,11970.29,0.00,3.41,21.38,0.00
442,barista,11971.91,0.00,135.86,83.29,0.00
443,barista,11973.70,0.00,21.01,256.14,0.00
444,waiter,12131.77,0.00,3.28,158.07,0.00
445,barista,12135.05,0.00,46.84,27.28,0.00
446,barista,12301.40,0.00,25.09,122.80,0.00
447,barista,12323.83,0.00,70.11,141.94,0.00
448,waiter,12336.94,0.00,33.54,201.89,0.00
449,waiter,12351.69,0.00,49.88,379.78,0.00
450,barista,12367.03,0.00,74.84,40.55,0.00
451,barista,12370.49,0.00,32.21,375.78,0.00
452,waiter,12390.08,0.00,125.71,19.59,0.00
453,barista,12401.58,0.00,165.73,7.63,0.00
454,barista,12515.79,0.00,26.77,73.91,0.00
455,waiter,12556.00,0.00,38.42,40.21,0.00
456,barista,12594.42,0.00,6.11,51.87,0.00
457,waiter,12640.38,0.00,27.17,45.96,0.00
458,barista,12667.55,0.00,73.06,67.02,0.00
459,waiter,12696.26,0.00,76.35,28.71,0.00
460,barista,12697.78,0.00,79.24,130.47,0.00
461,barista,12743.41,0.00,10.81,2.81,0.00
462,barista,12767.11,0.00,56.02,12.88,0.00
463,barista,12772.61,0.00,5.34,369.91,0.00
464,waiter,12799.43,0.00,47.64,26.82,0.00
465,waiter,12805.83,0.00,166.20,404.25,0.00
466,waiter,12823.72,0.00,72.68,942.44,0.00
467,barista,12847.07,0.00,34.32,23.94,0.00
468,barista,12896.41,0.00,58.84,15.01,0.00
469,waiter,12925.13,0.00,78.31,78.06,0.00
470,barista,12937.83,0.00,67.89,160.81,0.00
471,barista,12956.97,0.00,24.09,1.72,0.00
472,barista,12972.03,0.00,169.83,194.08,0.00
473,barista,13003.44,0.00,9.59,22.38,0.00
474,waiter,13052.87,0.00,11.85,49.43,0.00
475,barista,13064.72,0.00,37.46,51.68,0.00
476,barista,13118.68,0.00,95.08,16.50,0.00
477,waiter,13218.09,0.00,34.88,153.38,0.00
478,barista,13252.97,0.00,0.35,39.21,0.00
479,waiter,13278.33,0.00,3.21,25.36,0.00
480,barista,13281.55,0.00,36.86,28.23,0.00
481,barista,13307.83,0.00,13.35,302.11,0.00
482,waiter,13321.55,0.00,32.03,40.00,0.00
483,barista,13353.58,0.00,73.80,35.16,0.00
484,waiter,13361.84,0.00,4.79,8.26,0.00
485,barista,13366.62,0.00,28.82,45.45,0.00
486,waiter,13379.90,0.00,24.18,13.28,0.00
487,waiter,13383.15,0.00,37.34,411.12,0.00
488,barista,13404.08,0.00,52.16,8.63,0.00
489,barista,13420.49,0.00,84.71,278.63,0.00
490,barista,13476.69,0.00,21.13,49.31,0.00
491,barista,13645.11,0.00,10.20,147.29,0.00
492,waiter,13691.40,0.00,191.54,287.32,0.00
493,waiter,13697.82,0.00,93.86,277.34,0.00
494,waiter,13713.07,0.00,31.66,816.66,0.00
495,waiter,13731.96,0.00,127.84,3835.84,0.00
496,barista,13744.73,0.00,82.72,89.42,0.00
497,barista,13791.68,0.00,32.66,335.44,0.00
498,waiter,13809.87,0.00,13.58,18.18,0.00
499,barista,13823.45,0.00,27.30,318.25,0.00
500,waiter,13823.89,0.00,51.31,0.45,0.00
501,barista,13859.80,0.00,84.64,32.35,0.00
502,barista,13864.48,0.00,16.48,40.13,0.00
503,barista,13875.21,0.00,15.35,24.47,0.00
504,barista,13882.94,0.00,107.29,1.98,0.00
505,waiter,13976.51,0.00,118.88,93.57,0.00
506,barista,14095.40,0.00,75.97,150.95,0.00
507,waiter,14134.87,0.00,10.01,39.48,0.00
508,barista,14144.88,0.00,4.29,154.65,0.00
509,waiter,14146.19,0.00,32.34,1.31,0.00
510,barista,14178.53,0.00,38.97,7.17,0.00
511,waiter,14214.32,0.00,100.65,35.78,0.00
512,barista,14314.97,0.00,24.82,97.47,0.00
513,barista,14405.36,0.00,20.19,65.57,0.00
514,waiter,14509.28,0.00,152.19,194.31,0.00
515,barista,14529.20,0.00,257.89,103.64,0.00
516,barista,14562.53,0.00,34.29,413.37,0.00
517,waiter,14565.93,0.00,28.91,690.72,0.00
518,waiter,14566.04,0.00,87.45,821.31,0.00
519,barista,14594.84,0.00,29.61,704.28,0.00
520,waiter,14631.18,0.00,44.24,36.34,0.00
521,waiter,14632.95,0.00,92.04,773.15,0.00
522,barista,14640.06,0.00,1.00,43.24,0.00
523,barista,14653.49,0.00,1.75,12.43,0.00
524,waiter,14661.40,0.00,93.79,7.91,0.00
525,barista,14661.47,0.00,177.43,6.23,0.00
526,barista,14675.42,0.00,29.28,50.98,0.00
527,barista,14714.27,0.00,7.72,9.57,0.00
528,barista,14724.99,0.00,11.32,2.99,0.00
529,barista,14755.19,0.00,4.51,18.88,0.00
530,waiter,14756.91,0.00,67.67,95.44,0.00
531,waiter,14816.51,0.00,38.87,141.09,0.00
532,barista,14824.58,0.00,76.84,37.50,0.00
533,barista,14855.38,0.00,10.40,16.48,0.00
534,barista,14870.44,0.00,95.58,4.65,0.00
535,waiter,14910.96,0.00,107.37,86.38,0.00
536,waiter,14954.98,0.00,41.92,99.60,0.00
537,waiter,14965.91,0.00,45.30,210.73,0.00
538,barista,14989.11,0.00,21.36,87.69,0.00
539,barista,14996.90,0.00,20.40,30.88,0.00
540,barista,15011.21,0.00,8.48,0.74,0.00
541,barista,15018.33,0.00,37.81,1.03,0.00
542,waiter,15049.71,0.00,27.17,31.37,0.00
543,barista,15076.88,0.00,99.50,57.18,0.00
544,waiter,15156.54,0.00,27.38,79.66,0.00
545,barista,15171.03,0.00,0.16,114.89,0.00
546,barista,15183.92,0.00,4.85,7.54,0.00
547,waiter,15230.41,0.00,11.63,46.49,0.00
548,barista,15242.03,0.00,46.49,53.26,0.00
549,barista,15268.58,0.00,33.10,97.39,0.00
550,waiter,15280.69,0.00,32.57,38.65,0.00
551,barista,15281.96,0.00,92.87,522.27,0.00
552,barista,15313.26,0.00,22.77,24.73,0.00
553,waiter,15374.17,0.00,105.05,60.90,0.00
554,barista,15400.90,0.00,106.33,64.87,0.00
555,barista,15479.21,0.00,69.36,177.53,0.00
556,waiter,15520.04,0.00,74.89,40.83,0.00
557,barista,15594.92,0.00,4.50,87.70,0.00
558,waiter,15622.62,0.00,35.79,27.69,0.00
559,barista,15640.14,0.00,14.37,40.72,0.00
560,barista,15658.41,0.00,93.83,3.90,0.00
561,waiter,15713.42,0.00,119.50,55.02,0.00
562,barista,15826.59,0.00,87.20,74.36,0.00
563,barista,15832.92,0.00,75.38,284.36,0.00
564,barista,15969.41,0.00,72.48,55.63,0.00
565,waiter,16201.25,0.00,50.85,368.32,0.00
566,waiter,16202.67,0.00,50.59,1205.77,0.00
567,barista,16252.09,0.00,59.00,210.20,0.00
568,barista,16253.27,0.00,1.35,344.97,0.00
569,waiter,16253.84,0.00,117.62,1.75,0.00
570,barista,16279.25,0.00,15.15,24.63,0.00
571,waiter,16296.10,0.00,87.29,42.83,0.00
572,waiter,16321.01,0.00,32.67,1309.79,0.00
573,waiter,16324.92,0.00,7.28,1599.93,0.00
574,barista,16332.20,0.00,38.29,21.11,0.00
575,barista,16353.68,0.00,4.98,59.28,0.00
576,waiter,16363.93,0.00,43.26,10.25,0.00
577,waiter,16369.67,0.00,70.81,37.46,0.00
578,barista,16371.46,0.00,98.86,0.97,0.00
579,barista,16383.39,0.00,8.23,24.73,0.00
580,barista,16407.19,0.00,115.66,15.57,0.00
581,waiter,16413.78,0.00,93.93,42.32,0.00
582,barista,16440.48,0.00,45.84,1065.65,0.00
583,barista,16452.11,0.00,6.64,6447.41,0.00
584,barista,16507.71,0.00,38.03,37.38,0.00
585,barista,16598.01,0.00,54.14,52.27,0.00
586,waiter,16616.05,0.00,369.36,108.34,0.00
587,waiter,16628.30,0.00,64.52,244.91,0.00
588,barista,16660.13,0.00,32.62,7.98,0.00
589,waiter,16665.80,0.00,45.00,258.60,0.00
590,waiter,16686.91,0.00,46.41,246.43,0.00
591,barista,16692.82,0.00,18.84,0.06,0.00
592,barista,16710.79,0.00,47.91,187.94,0.00
593,barista,16733.32,0.00,50.75,21.66,0.00
594,waiter,16754.99,0.00,34.69,62.17,0.00
595,barista,16756.40,0.00,12.92,270.08,0.00
596,barista,16788.97,0.00,7.58,4.90,0.00
597,barista,16789.67,0.00,40.94,30.97,0.00
598,barista,16839.35,0.00,29.18,42.80,0.00
599,barista,16879.49,0.00,71.22,10.96,0.00
600,barista,16902.51,0.00,50.06,71.90,0.00
601,barista,16951.00,0.00,19.15,0.29,0.00
602,barista,16985.41,0.00,76.78,15.26,0.00
603,waiter,16991.77,0.00,46.09,6.36,0.00
604,barista,17033.36,0.00,140.07,80.79,0.00
605,barista,17037.86,0.00,17.07,268.54,0.00
606,waiter,17044.50,0.00,25.39,6.64,0.00
607,barista,17063.33,0.00,169.84,1.13,0.00
608,barista,17069.89,0.00,40.15,14.97,0.00
609,waiter,17087.83,0.00,1.83,17.94,0.00
610,barista,17089.66,0.00,53.05,630.91,0.00
611,waiter,17157.72,0.00,2.93,68.06,0.00
612,barista,17160.65,0.00,84.58,50.61,0.00
613,waiter,17360.97,0.00,13.13,200.32,0.00
614,barista,17374.10,0.00,3.80,140.93,0.00
615,waiter,17387.35,0.00,37.08,13.25,0.00
616,barista,17403.15,0.00,99.63,25.25,0.00
617,barista,17424.43,0.00,54.65,251.00,0.00
618,waiter,17468.83,0.00,37.45,44.40,0.00
619,barista,17506.28,0.00,18.35,3.50,0.00
620,waiter,17539.89,0.00,91.41,33.61,0.00
621,barista,17556.24,0.00,30.80,31.61,0.00
622,waiter,17601.28,0.00,141.44,811.61,0.00
623,barista,17631.31,0.00,1.48,44.27,0.00
624,waiter,17653.71,0.00,4.49,22.40,0.00
625,barista,17658.20,0.00,34.84,25.41,0.00
626,barista,17742.71,0.00,46.02,49.67,0.00
627,barista,17754.74,0.00,14.34,275.66,0.00
628,waiter,17876.69,0.00,8.96,218.49,0.00
629,barista,17885.65,0.00,47.99,96.92,0.00
630,waiter,17889.75,0.00,33.82,4.10,0.00
631,barista,17923.57,0.00,60.97,154.49,0.00
632,waiter,17959.88,0.00,18.34,36.31,0.00
633,barista,17978.22,0.00,203.83,44.59,0.00
